,age,beauty,eval,students,allstudents,prof,PrimaryLast,vismin,female,single_credit,upper_division,English_speaker,tenured_prof
0,2,0.289915710687637,4.30000019073486,24,43,1,0,1,1,0,1,1,1
1,2,0.289915710687637,3.70000004768372,86,125,1,0,1,1,0,1,1,1
2,2,0.289915710687637,3.59999990463257,76,125,1,0,1,1,0,1,1,1
3,2,0.289915710687637,4.40000009536743,77,123,1,1,1,1,0,1,1,1
4,3,-0.737732172012329,4.5,17,20,2,0,0,0,0,1,1,1
5,3,-0.737732172012329,4.0,35,40,2,0,0,0,0,1,1,1
6,3,-0.737732172012329,2.09999990463257,39,44,2,1,0,0,0,1,1,1
7,3,-0.571983575820923,3.70000004768372,55,55,3,0,0,0,0,1,1,1
8,3,-0.571983575820923,3.20000004768372,111,195,3,1,0,0,0,1,1,1
9,2,-0.677963376045227,4.30000019073486,40,46,4,0,0,1,0,1,1,1
10,2,-0.677963376045227,3.5,24,27,4,0,0,1,0,1,1,1
11,2,-0.677963376045227,4.09999990463257,24,25,4,0,0,1,0,1,1,1
12,2,-0.677963376045227,4.59999990463257,17,20,4,0,0,1,0,1,1,1
13,2,-0.677963376045227,3.79999995231628,14,25,4,0,0,1,0,1,1,1
14,2,-0.677963376045227,3.79999995231628,37,42,4,0,0,1,0,1,1,1
15,2,-0.677963376045227,3.79999995231628,18,20,4,0,0,1,0,1,1,1
16,2,-0.677963376045227,4.19999980926514,15,18,4,1,0,1,0,1,1,1
17,1,1.50979399681091,4.40000009536743,42,48,5,0,0,1,0,1,1,1
18,1,1.50979399681091,3.90000009536743,40,44,5,0,0,1,0,1,1,1
19,1,1.50979399681091,4.5,38,48,5,0,0,1,0,1,1,1
20,1,1.50979399681091,4.5,40,45,5,0,0,1,0,1,1,1
21,1,1.50979399681091,4.40000009536743,52,59,5,0,0,1,0,1,1,1
22,1,1.50979399681091,4.40000009536743,49,87,5,1,0,1,0,1,1,1
23,3,0.588568687438965,4.19999980926514,182,282,6,0,0,0,0,1,1,1
24,3,0.588568687438965,4.40000009536743,160,292,6,0,0,0,0,1,1,1
25,3,0.588568687438965,4.5,79,130,6,0,0,0,0,1,1,1
26,3,0.588568687438965,4.30000019073486,176,285,6,0,0,0,0,1,1,1
27,3,0.588568687438965,4.59999990463257,155,272,6,0,0,0,0,1,1,1
28,3,0.588568687438965,4.80000019073486,166,286,6,0,0,0,0,1,1,1
29,3,0.588568687438965,4.30000019073486,186,302,6,1,0,0,0,1,1,1
30,1,-0.126001000404358,4.0,33,41,7,0,0,1,0,1,1,1
31,1,-0.126001000404358,4.0,29,34,7,0,0,1,0,1,1,1
32,1,-0.126001000404358,4.0,37,41,7,0,0,1,0,1,1,1
33,1,-0.126001000404358,3.90000009536743,29,41,7,0,0,1,0,1,1,1
34,1,-0.126001000404358,3.29999995231628,28,34,7,1,0,1,0,1,1,1
35,3,-0.258189886808395,3.40000009536743,25,41,8,0,0,1,0,1,1,1
36,3,-0.258189886808395,4.5,21,22,8,0,0,1,0,1,1,1
37,3,-0.258189886808395,4.5,13,21,8,0,0,1,0,1,1,1
38,3,-0.258189886808395,4.5,16,17,8,0,0,1,0,1,1,1
39,3,-0.258189886808395,2.5,24,30,8,0,0,1,0,0,1,1
40,3,-0.258189886808395,4.30000019073486,23,23,8,0,0,1,0,1,1,1
41,3,-0.258189886808395,4.5,20,20,8,1,0,1,0,1,1,1
42,1,0.149692595005035,4.5,48,60,9,0,0,1,0,1,1,1
43,1,0.149692595005035,4.69999980926514,29,33,9,0,0,1,0,1,1,1
44,1,0.149692595005035,3.5,11,44,9,0,0,1,0,1,1,1
45,1,0.149692595005035,4.5,29,49,9,0,0,1,0,1,1,1
46,1,0.149692595005035,3.79999995231628,25,29,9,0,0,1,0,1,1,1
47,1,0.149692595005035,4.5,42,48,9,0,0,1,0,1,1,1
48,1,0.149692595005035,4.30000019073486,34,40,9,1,0,1,0,1,1,1
49,2,0.540916979312897,3.90000009536743,16,19,10,0,0,0,0,1,1,0
50,2,0.540916979312897,3.90000009536743,12,16,10,0,0,0,0,1,1,0
51,2,0.540916979312897,4.30000019073486,14,15,10,0,0,0,0,1,1,0
52,2,0.540916979312897,4.19999980926514,22,23,10,0,0,0,0,1,1,0
53,2,0.540916979312897,5.0,10,11,10,0,0,0,0,0,1,0
54,2,0.540916979312897,5.0,17,29,10,0,0,0,0,0,1,0
55,2,0.540916979312897,4.59999990463257,16,21,10,0,0,0,0,1,1,0
56,2,0.540916979312897,5.0,15,18,10,0,0,0,0,0,1,0
57,2,0.540916979312897,4.69999980926514,16,19,10,0,0,0,0,1,1,0
58,2,0.540916979312897,5.0,16,20,10,1,0,0,0,0,1,0
59,2,0.231613397598267,3.09999990463257,18,25,11,0,1,0,0,1,0,1
60,2,0.231613397598267,2.70000004768372,30,33,11,0,1,0,0,1,0,1
61,2,0.231613397598267,4.0,23,24,11,1,1,0,0,1,0,1
62,2,-0.0666737034916878,4.0,30,34,12,0,0,0,0,1,1,0
63,2,-0.0666737034916878,4.40000009536743,13,21,12,0,0,0,0,1,1,0
64,2,-0.0666737034916878,4.40000009536743,24,30,12,0,0,0,0,1,1,0
65,2,-0.0666737034916878,4.30000019073486,24,25,12,0,0,0,0,1,1,0
66,2,-0.0666737034916878,3.5,25,35,12,1,0,0,0,1,1,0
67,2,0.216892406344414,3.79999995231628,28,40,13,0,0,0,0,1,1,1
68,2,0.216892406344414,3.79999995231628,18,30,13,0,0,0,0,1,1,1
69,2,0.216892406344414,3.90000009536743,28,42,13,0,0,0,0,1,1,1
70,2,0.216892406344414,3.70000004768372,25,57,13,0,0,0,0,1,1,1
71,2,0.216892406344414,3.29999995231628,40,57,13,0,0,0,0,1,1,1
72,2,0.216892406344414,4.0,40,51,13,0,0,0,0,1,1,1
73,2,0.216892406344414,3.79999995231628,18,30,13,1,0,0,0,1,1,1
74,2,-0.25869619846344,3.40000009536743,30,36,14,0,0,0,0,1,0,1
75,2,-0.25869619846344,4.19999980926514,31,37,14,0,0,0,0,1,0,1
76,2,-0.25869619846344,3.09999990463257,15,29,14,0,0,0,0,1,0,1
77,2,-0.25869619846344,3.59999990463257,23,27,14,1,0,0,0,1,0,1
78,2,0.550287783145905,2.90000009536743,23,28,15,0,0,1,0,1,1,1
79,2,0.550287783145905,3.29999995231628,34,52,15,0,0,1,0,1,1,1
80,2,0.550287783145905,2.90000009536743,21,26,15,0,0,1,0,1,1,1
81,2,0.550287783145905,3.09999990463257,29,30,15,1,0,1,0,1,1,1
82,2,-0.0620357990264893,4.5,23,33,16,0,0,0,0,1,1,1
83,2,-0.0620357990264893,4.0,45,177,16,0,0,0,0,0,1,1
84,2,-0.0620357990264893,4.0,90,199,16,0,0,0,0,0,1,1
85,2,-0.0620357990264893,4.19999980926514,27,32,16,0,0,0,0,1,1,1
86,2,-0.0620357990264893,3.79999995231628,35,37,16,0,0,0,0,1,1,1
87,2,-0.0620357990264893,4.30000019073486,120,161,16,1,0,0,0,0,1,1
88,3,-0.982385218143463,4.0,27,41,17,0,0,1,0,1,1,0
89,3,-0.982385218143463,4.59999990463257,39,44,17,0,0,1,0,1,1,0
90,3,-0.982385218143463,4.30000019073486,35,53,17,0,0,1,0,1,1,0
91,3,-0.982385218143463,3.59999990463257,34,49,17,0,0,1,0,1,1,0
92,3,-0.982385218143463,4.19999980926514,27,32,17,1,0,1,0,1,1,0
93,2,-0.0543439984321594,3.79999995231628,100,135,18,0,0,0,0,0,1,0
94,2,-0.0543439984321594,3.90000009536743,20,33,18,0,0,0,0,1,1,0
95,2,-0.0543439984321594,4.09999990463257,14,19,18,0,0,0,0,1,1,0
96,2,-0.0543439984321594,4.0,65,111,18,0,0,0,0,0,1,0
97,2,-0.0543439984321594,4.30000019073486,95,149,18,0,0,0,0,0,1,0
98,2,-0.0543439984321594,3.90000009536743,18,27,18,0,0,0,0,1,1,0
99,2,-0.0543439984321594,4.19999980926514,85,136,18,0,0,0,0,0,1,0
100,2,-0.0543439984321594,4.19999980926514,113,140,18,1,0,0,0,0,1,0
101,2,-0.0680143013596535,4.30000019073486,25,31,19,0,0,1,0,1,1,1
102,2,-0.0680143013596535,4.90000009536743,14,15,19,0,0,1,0,0,1,1
103,2,-0.0680143013596535,4.0,23,29,19,0,0,1,0,1,1,1
104,2,-0.0680143013596535,4.30000019073486,23,25,19,0,0,1,0,1,1,1
105,2,-0.0680143013596535,4.90000009536743,9,18,19,0,0,1,0,1,1,1
106,2,-0.0680143013596535,3.90000009536743,30,45,19,0,0,1,0,1,1,1
107,2,-0.0680143013596535,4.90000009536743,15,15,19,0,0,1,0,0,1,1
108,2,-0.0680143013596535,3.90000009536743,31,38,19,0,0,1,0,1,1,1
109,2,-0.0680143013596535,4.0,12,15,19,1,0,1,0,0,1,1
110,3,0.0294137001037598,3.40000009536743,17,28,20,0,0,1,0,1,1,0
111,3,0.0294137001037598,3.5,10,23,20,0,0,1,0,1,1,0
112,3,0.0294137001037598,3.90000009536743,15,19,20,0,0,1,0,1,1,0
113,3,0.0294137001037598,4.0,7,23,20,0,0,1,0,1,1,0
114,3,0.0294137001037598,3.59999990463257,7,22,20,0,0,1,0,1,1,0
115,3,0.0294137001037598,3.0,14,20,20,0,0,1,0,1,1,0
116,3,0.0294137001037598,3.0,8,19,20,0,0,1,0,1,1,0
117,3,0.0294137001037598,3.59999990463257,17,23,20,0,0,1,0,1,1,0
118,3,0.0294137001037598,3.59999990463257,10,22,20,0,0,1,0,1,1,0
119,3,0.0294137001037598,3.20000004768372,12,15,20,1,0,1,0,1,1,0
120,3,0.239485904574394,3.40000009536743,19,22,21,0,0,1,0,1,1,0
121,3,0.239485904574394,3.90000009536743,27,31,21,0,0,1,0,1,1,0
122,3,0.239485904574394,3.5,20,21,21,0,0,1,0,1,1,0
123,3,0.239485904574394,3.5,31,36,21,0,0,1,0,1,1,0
124,3,0.239485904574394,3.09999990463257,17,19,21,0,0,1,1,1,1,0
125,3,0.239485904574394,4.19999980926514,23,37,21,1,0,1,0,1,1,0
126,3,-0.733091413974762,4.30000019073486,30,39,23,0,0,0,0,1,1,1
127,3,-0.733091413974762,3.59999990463257,94,184,23,0,0,0,0,0,1,1
128,3,-0.733091413974762,4.5,46,50,23,0,0,0,0,1,1,1
129,3,-0.733091413974762,3.70000004768372,80,157,23,0,0,0,0,0,1,1
130,3,-0.733091413974762,3.40000009536743,61,164,23,1,0,0,0,0,1,1
131,3,-0.111122101545334,4.40000009536743,15,24,24,0,0,0,0,1,1,1
132,3,-0.111122101545334,4.5,51,68,24,0,0,0,0,1,1,1
133,3,-0.111122101545334,4.59999990463257,22,47,24,0,0,0,0,1,1,1
134,3,-0.111122101545334,4.80000019073486,10,14,24,0,0,0,0,1,1,1
135,3,-0.111122101545334,4.5,11,15,24,0,0,0,0,1,1,1
136,3,-0.111122101545334,4.40000009536743,15,24,24,0,0,0,0,1,1,1
137,3,-0.111122101545334,4.09999990463257,21,39,24,1,0,0,0,1,1,1
138,1,1.77551698684692,4.59999990463257,20,26,25,0,0,1,0,1,1,1
139,1,1.77551698684692,3.90000009536743,33,40,25,1,0,1,0,1,1,1
140,3,-0.321848511695862,4.19999980926514,84,159,26,0,0,0,0,1,1,1
141,3,-0.321848511695862,4.30000019073486,71,151,26,0,0,0,0,1,1,1
142,3,-0.321848511695862,3.5,36,47,26,0,0,0,0,0,1,1
143,3,-0.321848511695862,4.0,73,122,26,0,0,0,0,1,1,1
144,3,-0.321848511695862,4.0,31,45,26,1,0,0,0,0,1,1
145,3,0.211693897843361,4.0,13,16,27,0,1,0,0,1,0,1
146,3,0.211693897843361,4.59999990463257,23,23,27,0,1,0,0,1,0,1
147,3,0.211693897843361,4.59999990463257,12,16,27,0,1,0,0,1,0,1
148,3,0.211693897843361,3.70000004768372,15,18,27,0,1,0,0,1,0,1
149,3,0.211693897843361,3.5,11,16,27,0,1,0,0,1,0,1
150,3,0.211693897843361,3.59999990463257,12,15,27,0,1,0,0,1,0,1
151,3,0.211693897843361,3.90000009536743,18,28,27,1,1,0,0,1,0,1
152,4,-0.717644989490509,3.29999995231628,12,17,28,0,0,0,0,1,1,1
153,4,-0.717644989490509,4.19999980926514,10,13,28,0,0,0,0,1,1,1
154,4,-0.717644989490509,3.20000004768372,16,21,28,0,0,0,0,1,1,1
155,4,-0.717644989490509,4.90000009536743,13,17,28,1,0,0,0,1,1,1
156,4,-0.732692718505859,4.40000009536743,47,134,29,0,0,0,0,1,1,1
157,4,-0.732692718505859,4.0,5,48,29,0,0,0,0,1,1,1
158,4,-0.732692718505859,3.5,34,64,29,0,0,0,0,1,1,1
159,4,-0.732692718505859,3.40000009536743,24,69,29,1,0,0,0,1,1,1
160,3,-0.010207699611783,3.5,28,43,31,0,0,0,0,1,1,0
161,3,-0.010207699611783,4.19999980926514,11,14,31,0,0,0,0,1,1,0
162,3,-0.010207699611783,3.5,10,15,31,0,0,0,0,1,1,0
163,3,-0.010207699611783,4.40000009536743,14,18,31,0,0,0,0,1,1,0
164,3,-0.010207699611783,3.70000004768372,12,16,31,0,0,0,0,1,1,0
165,3,-0.010207699611783,3.40000009536743,8,10,31,0,0,0,0,1,1,0
166,3,-0.010207699611783,3.0,23,47,31,1,0,0,0,1,1,0
167,2,-0.923956990242004,4.69999980926514,10,15,32,0,0,0,0,1,1,1
168,2,-0.923956990242004,3.90000009536743,10,14,32,0,0,0,0,1,1,1
169,2,-0.923956990242004,2.79999995231628,10,12,32,1,0,0,0,1,1,1
170,2,0.576680481433868,3.90000009536743,86,246,33,0,0,0,0,0,1,1
171,2,0.576680481433868,3.70000004768372,154,316,33,0,0,0,0,0,1,1
172,2,0.576680481433868,4.59999990463257,12,15,33,0,0,0,0,1,1,1
173,2,0.576680481433868,4.19999980926514,14,15,33,0,0,0,0,1,1,1
174,2,0.576680481433868,4.40000009536743,27,29,33,1,0,0,0,1,1,1
175,2,-0.0836014971137047,4.0,21,21,34,0,1,1,0,0,1,1
176,2,-0.0836014971137047,3.79999995231628,8,8,34,0,1,1,0,1,1,1
177,2,-0.0836014971137047,4.09999990463257,16,16,34,0,1,1,1,0,1,1
178,2,-0.0836014971137047,3.70000004768372,24,26,34,0,1,1,0,0,1,1
179,2,-0.0836014971137047,4.09999990463257,7,10,34,0,1,1,0,1,1,1
180,2,-0.0836014971137047,3.0,25,26,34,0,1,1,0,0,1,1
181,2,-0.0836014971137047,3.20000004768372,24,26,34,0,1,1,0,0,1,1
182,2,-0.0836014971137047,2.79999995231628,24,26,34,0,1,1,0,0,1,1
183,2,-0.0836014971137047,4.69999980926514,20,21,34,0,1,1,1,0,1,1
184,2,-0.0836014971137047,4.19999980926514,12,12,34,0,1,1,0,0,1,1
185,2,-0.0836014971137047,3.20000004768372,25,27,34,0,1,1,0,0,1,1
186,2,-0.0836014971137047,3.09999990463257,26,27,34,0,1,1,0,0,1,1
187,2,-0.0836014971137047,4.0,24,25,34,1,1,1,0,0,1,1
188,3,-1.07955801486969,4.30000019073486,15,15,35,0,0,0,0,1,1,1
189,3,-1.07955801486969,4.19999980926514,10,15,35,0,0,0,0,1,1,1
190,3,-1.07955801486969,4.30000019073486,16,17,35,1,0,0,0,1,1,1
191,2,1.04090201854706,3.79999995231628,30,55,36,0,1,1,0,1,1,1
192,2,1.04090201854706,3.29999995231628,35,48,36,0,1,1,0,1,1,1
193,2,1.04090201854706,4.09999990463257,21,21,36,0,1,1,0,1,1,1
194,2,1.04090201854706,3.70000004768372,35,39,36,1,1,1,0,1,1,1
195,2,-1.0521080493927,3.79999995231628,20,27,37,0,1,0,0,1,1,1
196,2,-1.0521080493927,3.29999995231628,9,14,37,0,1,0,0,1,1,1
197,2,-1.0521080493927,3.79999995231628,21,26,37,0,1,0,0,1,1,1
198,2,-1.0521080493927,3.40000009536743,13,16,37,0,1,0,0,1,1,1
199,2,-1.0521080493927,4.19999980926514,13,16,37,0,1,0,0,1,1,1
200,2,-1.0521080493927,3.79999995231628,12,13,37,0,1,0,0,1,1,1
201,2,-1.0521080493927,3.5,14,14,37,0,1,0,0,1,1,1
202,2,-1.0521080493927,3.29999995231628,15,17,37,1,1,0,0,1,1,1
203,3,-0.727768123149872,4.0,12,13,38,0,0,0,0,1,1,1
204,3,-0.727768123149872,4.30000019073486,13,15,38,0,0,0,0,1,1,1
205,3,-0.727768123149872,4.09999990463257,7,10,38,1,0,0,0,1,1,1
206,3,-0.395396500825882,4.59999990463257,25,34,39,0,0,0,0,1,1,1
207,3,-0.395396500825882,4.5,12,16,39,0,0,0,0,1,1,1
208,3,-0.395396500825882,4.5,11,14,39,0,0,0,0,1,1,1
209,3,-0.395396500825882,4.59999990463257,8,12,39,0,0,0,0,1,1,1
210,3,-0.395396500825882,4.40000009536743,24,39,39,0,0,0,0,1,1,1
211,3,-0.395396500825882,4.09999990463257,15,35,39,0,0,0,0,1,1,1
212,3,-0.395396500825882,4.5,31,45,39,0,0,0,0,1,1,1
213,3,-0.395396500825882,4.30000019073486,36,45,39,1,0,0,0,0,1,1
214,2,-0.237778604030609,4.69999980926514,13,14,41,0,0,0,0,1,1,1
215,2,-0.237778604030609,4.40000009536743,14,14,41,0,0,0,0,1,1,1
216,2,-0.237778604030609,4.90000009536743,13,14,41,0,0,0,0,1,1,1
217,2,-0.237778604030609,4.69999980926514,12,12,41,0,0,0,0,1,1,1
218,2,-0.237778604030609,4.59999990463257,13,15,41,1,0,0,0,1,1,1
219,2,0.274908006191254,4.19999980926514,42,51,42,0,0,0,0,1,1,1
220,2,0.274908006191254,4.80000019073486,21,23,42,0,0,0,0,0,1,1
221,2,0.274908006191254,4.19999980926514,49,57,42,0,0,0,0,1,1,1
222,2,0.274908006191254,4.59999990463257,44,50,42,1,0,0,0,0,1,1
223,2,1.97002303600311,3.40000009536743,22,24,43,0,0,1,0,0,1,0
224,2,1.97002303600311,4.69999980926514,18,23,43,0,0,1,0,1,1,0
225,2,1.97002303600311,4.59999990463257,20,23,43,0,0,1,0,1,1,0
226,2,1.97002303600311,3.59999990463257,27,28,43,1,0,1,0,0,1,0
227,2,1.050950050354,3.90000009536743,28,45,44,0,0,0,0,1,1,1
228,2,1.050950050354,3.90000009536743,27,42,44,0,0,0,0,1,1,1
229,2,1.050950050354,4.0,49,57,44,1,0,0,0,1,1,1
230,3,0.241818502545357,4.5,22,27,45,0,0,0,0,0,1,1
231,3,0.241818502545357,4.40000009536743,31,38,45,0,0,0,0,1,1,1
232,3,0.241818502545357,4.5,19,22,45,0,0,0,0,0,1,1
233,3,0.241818502545357,4.40000009536743,27,43,45,1,0,0,0,1,1,1
234,1,1.34939503669739,4.69999980926514,30,31,46,0,0,0,0,1,1,1
235,1,1.34939503669739,3.0,12,13,46,0,0,0,0,1,1,1
236,1,1.34939503669739,3.70000004768372,13,15,46,1,0,0,0,1,1,1
237,3,-0.257725387811661,3.70000004768372,12,19,48,0,0,1,0,1,1,1
238,3,-0.257725387811661,3.59999990463257,16,20,48,0,0,1,0,1,1,1
239,3,-0.257725387811661,3.09999990463257,17,23,48,1,0,1,0,1,1,1
240,3,-0.656268894672394,4.0,22,27,49,0,0,1,0,0,1,0
241,3,-0.656268894672394,3.79999995231628,24,32,49,0,0,1,1,0,1,0
242,3,-0.656268894672394,4.69999980926514,14,21,49,0,0,1,1,0,1,0
243,3,-0.656268894672394,3.79999995231628,23,24,49,0,0,1,0,1,1,0
244,3,-0.656268894672394,3.79999995231628,19,21,49,0,0,1,0,1,1,0
245,3,-0.656268894672394,2.79999995231628,18,28,49,0,0,1,0,1,1,0
246,3,-0.656268894672394,4.0,23,29,49,1,0,1,0,1,1,0
247,3,-0.656394779682159,4.09999990463257,57,67,50,0,0,0,0,1,1,1
248,3,-0.656394779682159,4.0,81,89,50,0,0,0,0,1,1,1
249,3,-0.656394779682159,3.5,74,82,50,0,0,0,0,1,1,1
250,3,-0.656394779682159,3.40000009536743,102,122,50,0,0,0,0,1,1,1
251,3,-0.656394779682159,4.0,94,131,50,0,0,0,0,1,1,1
252,3,-0.656394779682159,3.5,89,114,50,0,0,0,0,1,1,1
253,3,-0.656394779682159,3.79999995231628,133,149,50,0,0,0,0,1,1,1
254,3,-0.656394779682159,4.69999980926514,22,23,50,0,0,0,0,1,1,1
255,3,-0.656394779682159,3.90000009536743,78,98,50,0,0,0,0,1,1,1
256,3,-0.656394779682159,4.5,22,27,50,0,0,0,0,1,1,1
257,3,-0.656394779682159,4.19999980926514,27,30,50,0,0,0,0,1,1,1
258,3,-0.656394779682159,4.69999980926514,27,30,50,0,0,0,0,1,1,1
259,3,-0.656394779682159,4.0,60,69,50,1,0,0,0,1,1,1
260,1,0.724477529525757,4.40000009536743,10,15,51,0,0,1,0,1,1,1
261,1,0.724477529525757,4.80000019073486,10,10,51,0,0,1,0,1,1,1
262,1,0.724477529525757,4.80000019073486,10,11,51,0,0,1,0,1,1,1
263,1,0.724477529525757,4.40000009536743,10,14,51,0,0,1,0,1,1,1
264,1,0.724477529525757,4.69999980926514,7,11,51,0,0,1,0,1,1,1
265,1,0.724477529525757,4.5,14,14,51,1,0,1,0,1,1,1
266,3,0.631834328174591,4.19999980926514,69,77,52,0,0,0,0,1,1,1
267,3,0.631834328174591,4.19999980926514,36,41,52,0,0,0,0,1,1,1
268,3,0.631834328174591,4.40000009536743,72,88,52,0,0,0,0,1,1,1
269,3,0.631834328174591,4.09999990463257,63,78,52,1,0,0,0,1,1,1
270,2,1.07094395160675,4.5,46,65,53,0,0,1,0,1,1,1
271,2,1.07094395160675,4.19999980926514,109,157,53,0,0,1,0,0,1,1
272,2,1.07094395160675,4.80000019073486,54,68,53,0,0,1,0,1,1,1
273,2,1.07094395160675,4.40000009536743,51,67,53,0,0,1,0,1,1,1
274,2,1.07094395160675,4.69999980926514,61,80,53,0,0,1,0,1,1,1
275,2,1.07094395160675,4.19999980926514,102,137,53,0,0,1,0,0,1,1
276,2,1.07094395160675,4.5,58,69,53,1,0,1,0,1,1,1
277,1,-1.45049405097961,3.79999995231628,54,91,54,0,0,1,0,0,1,1
278,1,-1.45049405097961,3.40000009536743,46,80,54,0,0,1,0,0,1,1
279,1,-1.45049405097961,3.70000004768372,53,90,54,0,0,1,0,0,1,1
280,1,-1.45049405097961,3.59999990463257,19,34,54,0,0,1,0,1,1,1
281,1,-1.45049405097961,3.90000009536743,41,73,54,0,0,1,0,1,1,1
282,1,-1.45049405097961,3.90000009536743,25,44,54,1,0,1,0,1,1,1
283,1,1.15587997436523,3.09999990463257,24,36,55,0,0,0,0,1,1,1
284,1,1.15587997436523,3.70000004768372,16,20,55,0,0,0,0,1,1,1
285,1,1.15587997436523,3.0,20,35,55,1,0,0,0,0,1,1
286,1,-0.326014786958694,3.70000004768372,85,248,56,0,0,0,0,0,1,1
287,1,-0.326014786958694,3.59999990463257,69,168,56,0,0,0,0,0,1,1
288,1,-0.326014786958694,3.59999990463257,98,247,56,0,0,0,0,0,1,1
289,1,-0.326014786958694,4.30000019073486,20,22,56,0,0,0,0,1,1,1
290,1,-0.326014786958694,4.5,72,103,56,1,0,0,0,1,1,1
291,2,0.884643495082855,3.90000009536743,44,62,57,0,0,1,0,0,1,1
292,2,0.884643495082855,3.90000009536743,51,82,57,1,0,1,0,1,1,1
293,2,-0.558345198631287,4.0,35,51,58,0,0,1,0,0,1,1
294,2,-0.558345198631287,4.59999990463257,18,35,58,0,0,1,0,1,1,1
295,2,-0.558345198631287,4.09999990463257,26,34,58,0,0,1,0,0,1,1
296,2,-0.558345198631287,4.19999980926514,28,37,58,0,0,1,0,0,1,1
297,2,-0.558345198631287,4.09999990463257,13,14,58,0,0,1,0,0,1,1
298,2,-0.558345198631287,3.09999990463257,174,266,58,0,0,1,0,0,1,1
299,2,-0.558345198631287,3.59999990463257,171,254,58,0,0,1,0,0,1,1
300,2,-0.558345198631287,4.19999980926514,10,13,58,0,0,1,0,1,1,1
301,2,-0.558345198631287,3.0,166,282,58,0,0,1,0,0,1,1
302,2,-0.558345198631287,4.19999980926514,17,17,58,1,0,1,0,1,1,1
303,2,-0.341554313898087,3.29999995231628,11,19,59,0,0,0,0,1,0,1
304,2,-0.341554313898087,3.40000009536743,22,42,59,1,0,0,0,0,0,1
305,3,-0.50405752658844,3.09999990463257,22,27,60,0,0,1,0,1,1,1
306,3,-0.50405752658844,3.09999990463257,9,16,60,0,0,1,0,1,1,1
307,3,-0.50405752658844,2.70000004768372,14,19,60,1,0,1,0,1,1,1
308,3,0.773523986339569,3.70000004768372,64,88,63,0,0,1,0,1,1,1
309,3,0.773523986339569,3.90000009536743,70,98,63,1,0,1,0,1,1,1
310,3,1.06393802165985,3.40000009536743,31,44,64,0,0,1,0,1,1,1
311,3,1.06393802165985,3.90000009536743,49,65,64,0,0,1,0,1,1,1
312,3,1.06393802165985,3.59999990463257,32,63,64,1,0,1,0,1,1,1
313,3,-1.09038901329041,4.30000019073486,59,75,65,0,0,1,0,1,1,0
314,3,-1.09038901329041,3.70000004768372,35,43,65,0,0,1,0,1,1,0
315,3,-1.09038901329041,3.59999990463257,59,80,65,0,0,1,0,1,1,0
316,3,-1.09038901329041,4.40000009536743,45,52,65,0,0,1,0,1,1,0
317,3,-1.09038901329041,4.30000019073486,34,48,65,0,0,1,0,1,1,0
318,3,-1.09038901329041,4.09999990463257,50,66,65,0,0,1,0,1,1,0
319,3,-1.09038901329041,3.70000004768372,67,100,65,1,0,1,0,1,1,0
320,3,-1.06916201114655,3.70000004768372,9,11,66,0,0,0,0,1,1,1
321,3,-1.06916201114655,3.59999990463257,8,16,66,0,0,0,0,1,1,1
322,3,-1.06916201114655,2.79999995231628,18,22,66,0,0,0,0,1,1,1
323,3,-1.06916201114655,4.0,5,11,66,0,0,0,0,1,1,1
324,3,-1.06916201114655,4.40000009536743,5,10,66,0,0,0,0,1,1,1
325,3,-1.06916201114655,3.59999990463257,16,16,66,1,0,0,0,1,1,1
326,3,1.41569495201111,4.19999980926514,15,16,67,0,0,0,0,1,1,1
327,3,1.41569495201111,3.70000004768372,9,10,67,1,0,0,0,1,1,1
328,3,-1.42291903495789,2.20000004768372,23,32,68,0,0,0,0,1,1,1
329,3,-1.42291903495789,2.90000009536743,7,10,68,0,0,0,0,1,1,1
330,3,-1.42291903495789,2.59999990463257,10,16,68,1,0,0,0,1,1,1
331,2,-0.489962607622147,4.30000019073486,19,22,70,0,0,0,0,0,1,1
332,2,-0.489962607622147,4.80000019073486,15,28,70,0,0,0,1,0,1,1
333,2,-0.489962607622147,4.90000009536743,18,30,70,0,0,0,1,0,1,1
334,2,-0.489962607622147,4.30000019073486,11,15,70,0,0,0,0,0,1,1
335,2,-0.489962607622147,4.40000009536743,10,13,70,0,0,0,0,0,1,1
336,2,-0.489962607622147,4.30000019073486,17,18,70,0,0,0,1,0,1,1
337,2,-0.489962607622147,4.69999980926514,22,26,70,0,0,0,1,0,1,1
338,2,-0.489962607622147,4.30000019073486,18,30,70,0,0,0,1,0,1,1
339,2,-0.489962607622147,4.59999990463257,14,14,70,1,0,0,0,0,1,1
340,3,-0.583586871623993,4.59999990463257,17,24,71,0,1,0,1,0,1,0
341,3,-0.583586871623993,4.90000009536743,20,22,71,0,1,0,1,0,1,0
342,3,-0.583586871623993,4.80000019073486,21,25,71,0,1,0,1,0,1,0
343,3,-0.583586871623993,4.69999980926514,23,26,71,0,1,0,1,0,1,0
344,3,-0.583586871623993,4.80000019073486,19,22,71,0,1,0,1,0,1,0
345,3,-0.583586871623993,4.90000009536743,20,26,71,0,1,0,1,0,1,0
346,3,-0.583586871623993,4.80000019073486,17,20,71,0,1,0,1,0,1,0
347,3,-0.583586871623993,4.80000019073486,18,22,71,0,1,0,1,0,1,0
348,3,-0.583586871623993,5.0,20,21,71,0,1,0,1,0,1,0
349,3,-0.583586871623993,4.5,19,21,71,1,1,0,1,0,1,0
350,3,0.756682872772217,3.5,46,69,72,0,0,0,0,1,1,1
351,3,0.756682872772217,3.79999995231628,46,65,72,0,0,0,0,1,1,1
352,3,0.756682872772217,3.79999995231628,39,62,72,0,0,0,0,1,1,1
353,3,0.756682872772217,3.79999995231628,34,67,72,0,0,0,0,1,1,1
354,3,0.756682872772217,4.0,29,40,72,0,0,0,0,1,1,1
355,3,0.756682872772217,4.19999980926514,27,45,72,1,0,0,0,1,1,1
356,3,0.880818605422974,4.59999990463257,348,574,73,0,0,0,0,0,1,1
357,3,0.880818605422974,4.5,372,579,73,0,0,0,0,0,1,1
358,3,0.880818605422974,4.5,343,537,73,0,0,0,0,0,1,1
359,3,0.880818605422974,4.59999990463257,380,581,73,0,0,0,0,0,1,1
360,3,0.880818605422974,4.69999980926514,322,527,73,1,0,0,0,0,1,1
361,2,-0.566501379013062,3.70000004768372,44,87,74,0,0,0,0,0,1,1
362,2,-0.566501379013062,4.09999990463257,66,84,74,0,0,0,0,0,1,1
363,2,-0.566501379013062,3.59999990463257,40,79,74,0,0,0,0,0,1,1
364,2,-0.566501379013062,4.0,60,92,74,1,0,0,0,0,1,1
365,2,0.339403688907623,3.79999995231628,19,24,75,0,0,1,0,0,1,1
366,2,0.339403688907623,3.40000009536743,38,67,75,1,0,1,0,0,1,1
367,2,-0.151368707418442,3.59999990463257,47,103,76,0,1,1,0,0,1,1
368,2,-0.151368707418442,2.79999995231628,93,190,76,1,1,1,0,0,1,1
369,2,-1.0249969959259,4.40000009536743,33,68,77,0,0,1,0,0,1,0
370,2,-1.0249969959259,4.09999990463257,36,60,77,0,0,1,0,0,1,0
371,2,-1.0249969959259,3.5,29,64,77,0,0,1,0,0,1,0
372,2,-1.0249969959259,3.40000009536743,23,31,77,0,0,1,0,0,1,0
373,2,-1.0249969959259,4.09999990463257,36,62,77,0,0,1,0,0,1,0
374,2,-1.0249969959259,4.19999980926514,30,37,77,1,0,1,0,0,1,0
375,2,-0.0252443999052048,4.09999990463257,10,13,78,0,0,0,0,0,1,1
376,2,-0.0252443999052048,4.30000019073486,8,13,78,0,0,0,0,0,1,1
377,2,-0.0252443999052048,4.09999990463257,12,15,78,0,0,0,0,1,1,1
378,2,-0.0252443999052048,3.40000009536743,65,79,78,1,0,0,0,1,1,1
379,3,-0.746787488460541,4.30000019073486,7,13,79,0,0,0,0,1,1,1
380,3,-0.746787488460541,3.5,53,98,79,0,0,0,0,1,1,1
381,3,-0.746787488460541,3.59999990463257,58,97,79,1,0,0,0,1,1,1
382,3,0.98894852399826,4.0,9,11,80,0,0,1,0,1,1,1
383,3,0.98894852399826,3.70000004768372,67,78,80,0,0,1,0,1,1,1
384,3,0.98894852399826,3.0,36,56,80,0,0,1,0,1,1,1
385,3,0.98894852399826,4.59999990463257,17,20,80,1,0,1,0,1,1,1
386,2,-0.532419919967651,4.80000019073486,12,17,81,0,0,0,1,0,1,0
387,2,-0.532419919967651,4.0,17,20,81,0,0,0,1,0,1,0
388,2,-0.532419919967651,4.80000019073486,13,19,81,0,0,0,0,0,1,0
389,2,-0.532419919967651,4.59999990463257,19,26,81,1,0,0,1,0,1,0
390,3,-0.766892075538635,3.5,13,14,82,0,0,0,0,0,1,1
391,3,-0.766892075538635,3.40000009536743,12,18,82,0,0,0,0,0,1,1
392,3,-0.766892075538635,4.40000009536743,12,12,82,0,0,0,0,0,1,1
393,3,-0.766892075538635,3.59999990463257,16,19,82,0,0,0,0,0,1,1
394,3,-0.766892075538635,3.79999995231628,12,16,82,0,0,0,0,0,1,1
395,3,-0.766892075538635,3.70000004768372,14,16,82,0,0,0,0,0,1,1
396,3,-0.766892075538635,4.69999980926514,11,12,82,0,0,0,0,0,1,1
397,3,-0.766892075538635,4.5,15,17,82,0,0,0,0,0,1,1
398,3,-0.766892075538635,5.0,6,15,82,0,0,0,0,1,1,1
399,3,-0.766892075538635,3.79999995231628,15,16,82,0,0,0,0,0,1,1
400,3,-0.766892075538635,4.09999990463257,12,17,82,1,0,0,0,0,1,1
401,2,1.15425598621368,3.59999990463257,16,21,83,0,0,1,0,0,1,0
402,2,1.15425598621368,4.30000019073486,15,17,83,0,0,1,1,0,1,0
403,2,1.15425598621368,4.40000009536743,10,10,83,0,0,1,1,0,1,0
404,2,1.15425598621368,4.69999980926514,16,17,83,0,0,1,1,0,1,0
405,2,1.15425598621368,3.90000009536743,15,17,83,1,0,1,0,0,1,0
406,3,1.23260200023651,3.79999995231628,18,18,84,0,1,1,0,0,1,1
407,3,1.23260200023651,4.80000019073486,15,16,84,0,1,1,0,0,1,1
408,3,1.23260200023651,4.30000019073486,21,26,84,0,1,1,0,0,1,1
409,3,1.23260200023651,4.59999990463257,14,18,84,0,1,1,0,0,1,1
410,3,1.23260200023651,3.79999995231628,16,20,84,1,1,1,0,0,1,1
411,3,1.77433395385742,4.69999980926514,16,17,85,0,0,0,0,0,1,0
412,3,1.77433395385742,5.0,21,21,85,0,0,0,0,0,1,0
413,3,1.77433395385742,4.90000009536743,18,21,85,0,0,0,0,0,1,0
414,3,1.77433395385742,4.59999990463257,17,20,85,0,0,0,0,0,1,0
415,3,1.77433395385742,4.59999990463257,19,20,85,0,0,0,0,0,1,0
416,3,1.77433395385742,5.0,11,13,85,0,0,0,0,0,1,0
417,3,1.77433395385742,4.59999990463257,14,16,85,0,0,0,0,0,1,0
418,3,1.77433395385742,4.90000009536743,16,17,85,1,0,0,0,0,1,0
419,2,1.77315104007721,4.90000009536743,15,18,86,0,0,0,0,0,1,1
420,2,1.77315104007721,4.0,22,24,86,0,0,0,0,0,1,1
421,2,1.77315104007721,3.90000009536743,17,20,86,1,0,0,0,1,1,1
422,1,0.724592626094818,4.30000019073486,85,120,87,0,0,0,0,0,1,1
423,1,0.724592626094818,4.09999990463257,67,155,87,1,0,0,0,0,1,1
424,3,-1.18162596225739,3.29999995231628,11,38,88,0,0,0,0,0,1,1
425,3,-1.18162596225739,2.90000009536743,28,70,88,0,0,0,0,0,1,1
426,3,-1.18162596225739,2.79999995231628,61,149,88,0,0,0,0,0,1,1
427,3,-1.18162596225739,2.79999995231628,49,137,88,0,0,0,0,0,1,1
428,3,-1.18162596225739,4.0,13,29,88,0,0,0,0,1,1,1
429,3,-1.18162596225739,3.29999995231628,28,55,88,0,0,0,0,0,1,1
430,3,-1.18162596225739,3.0,67,136,88,1,0,0,0,0,1,1
431,2,1.76945197582245,3.40000009536743,60,96,89,0,1,1,0,0,1,1
432,2,1.76945197582245,3.59999990463257,20,60,89,0,1,1,0,0,1,1
433,2,1.76945197582245,3.79999995231628,43,108,89,1,1,1,0,0,1,1
434,3,-0.587261199951172,3.59999990463257,27,39,90,0,0,0,0,0,1,1
435,3,-0.587261199951172,3.90000009536743,13,15,90,1,0,0,0,0,1,1
436,3,-0.00183239998295903,4.0,61,111,91,0,0,1,0,0,1,1
437,3,-0.00183239998295903,4.69999980926514,14,17,91,0,0,1,0,0,1,1
438,3,-0.00183239998295903,4.69999980926514,19,19,91,1,0,1,0,0,1,1
439,3,-0.0566766001284122,3.90000009536743,23,27,92,0,0,1,0,1,0,1
440,3,-0.0566766001284122,3.90000009536743,18,19,92,0,0,1,0,1,0,1
441,3,-0.0566766001284122,4.40000009536743,11,13,92,0,0,1,0,1,0,1
442,3,-0.0566766001284122,3.59999990463257,18,19,92,0,0,1,0,1,0,1
443,3,-0.0566766001284122,4.19999980926514,11,22,92,0,0,1,0,1,0,1
444,3,-0.0566766001284122,3.40000009536743,7,20,92,0,0,1,0,1,0,1
445,3,-0.0566766001284122,4.0,24,27,92,1,0,1,0,1,0,1
446,1,1.23139405250549,4.30000019073486,98,132,93,0,0,0,0,0,1,1
447,1,1.23139405250549,4.19999980926514,111,127,93,0,0,0,0,0,1,1
448,1,1.23139405250549,4.40000009536743,62,85,93,0,0,0,0,1,1,1
449,1,1.23139405250549,4.5,76,101,93,0,0,0,0,0,1,1
450,1,1.23139405250549,3.20000004768372,9,21,93,0,0,0,0,0,1,1
451,1,1.23139405250549,4.30000019073486,52,86,93,1,0,0,0,1,1,1
452,2,0.420399814844131,3.29999995231628,48,84,94,0,1,1,0,1,0,1
453,2,0.420399814844131,3.29999995231628,52,67,94,0,1,1,0,1,0,1
454,2,0.420399814844131,3.20000004768372,54,66,94,0,1,1,0,1,0,1
455,2,0.420399814844131,4.09999990463257,28,35,94,1,1,1,1,0,0,1
456,1,-0.8487269282341,3.29999995231628,19,26,22,1,1,1,0,1,0,1
457,2,0.408167600631714,2.29999995231628,10,12,30,1,0,1,0,1,1,1
458,2,0.93339592218399,3.5,15,17,40,1,0,0,0,1,1,1
459,3,0.111563496291637,3.5,26,34,47,1,0,1,0,1,1,1
460,2,-0.900580406188965,4.0,45,86,61,1,0,0,0,1,1,1
461,2,0.643014192581177,4.30000019073486,22,29,62,1,0,0,0,1,1,1
462,3,0.391822189092636,3.0,47,67,69,1,0,1,0,1,1,1
